{
  "type": "minecraft:the_nether",
  "generator": {
    "type": "minecraft:noise",
    "biome_source": {
      "biomes": [
        {
          "biome": "skyblock:nether_wastes",
          "parameters": {
            "continentalness": 0.0,
            "depth": 0.0,
            "erosion": 0.0,
            "humidity": 0.0,
            "offset": 0.0,
            "temperature": 0.0,
            "weirdness": 0.0
          }
        },
        {
          "biome": "skyblock:soul_sand_valley",
          "parameters": {
            "continentalness": 0.0,
            "depth": 0.0,
            "erosion": 0.0,
            "humidity": -0.5,
            "offset": 0.0,
            "temperature": 0.0,
            "weirdness": 0.0
          }
        },
        {
          "biome": "skyblock:crimson_forest",
          "parameters": {
            "continentalness": 0.0,
            "depth": 0.0,
            "erosion": 0.0,
            "humidity": 0.0,
            "offset": 0.0,
            "temperature": 0.4,
            "weirdness": 0.0
          }
        },
        {
          "biome": "skyblock:warped_forest",
          "parameters": {
            "continentalness": 0.0,
            "depth": 0.0,
            "erosion": 0.0,
            "humidity": 0.5,
            "offset": 0.375,
            "temperature": 0.0,
            "weirdness": 0.0
          }
        },
        {
          "biome": "skyblock:basalt_deltas",
          "parameters": {
            "continentalness": 0.0,
            "depth": 0.0,
            "erosion": 0.0,
            "humidity": 0.0,
            "offset": 0.175,
            "temperature": -0.5,
            "weirdness": 0.0
          }
        }
      ],
      "type": "minecraft:multi_noise"
    },
    "settings": "skyblock:nether"
  }
}