{
  "type": "minecraft:overworld",
  "generator": {
    "type": "minecraft:flat",
    "settings": {
      "biome": "creative:plains",
      "lakes": false,
      "features": false,
      "layers": [
        {
          "block": "minecraft:air",
          "height": 64
        },
        {
          "block": "minecraft:bedrock",
          "height": 1
        },
        {
          "block": "minecraft:stone",
          "height": 60
        },
        {
          "block": "minecraft:dirt",
          "height": 3
        },
        {
          "block": "minecraft:grass_block",
          "height": 1
        }
      ]
    }
  }
}