{
  "schema_version": "imm_ptl:v1",
  "from": [ "minecraft:overworld" ], "to": "skyblock:overworld",
  "form": {
    "type": "imm_ptl:one_way", "frame_block": "minecraft:polished_andesite",
    "area_block": "minecraft:lava", "bi_faced": false
  },
  "trigger": { "type": "imm_ptl:throw_item", "item": "minecraft:diamond_block"},
  "commands_on_generated": [
    [
      "/portal set_portal_destination skyblock:overworld 5 80 5",
      "/execute as @e[type=immersive_portals:general_breakable_portal, nbt={portalTag:'skyblock:skyblock-ritual'}] run portal set_portal_nbt {commandsOnTeleported:['/execute as @e[type=!immersive_portals:general_breakable_portal, type=!minecraft:player, distance=..1] in minecraft:overworld run tp ~ ~80 ~', 'scoreboard players set @p overworldreturn 0'], interactable: false}"
    ]
  ]
}