{
  "feature": "skyvoid_worldgen:purge/nether_fortress",
  "placement": [
    {
      "type": "minecraft:count",
      "count": 256
    },
    {
      "type": "minecraft:count",
      "count": 100
    },
    {
      "type": "minecraft:in_square"
    },
    {
      "type": "minecraft:height_range",
      "height": {
        "type": "minecraft:uniform",
        "min_inclusive": {
          "absolute": 48
        },
        "max_inclusive": {
          "absolute": 96
        }
      }
    },
    {
      "type": "minecraft:biome"
    }
  ]
}
